axis,situation,event,stratum,difficulty,n_expo,rate_expo,n_base,rate_base,OR
HallusionBench VD vs VS,MaC,MaC loss,S1,0.36035851122058016,763,0.11795543905635648,455,0.06153846153846154,2.039375928677563
HallusionBench VD vs VS,MaC,MaC loss,S2,0.7493152560942208,702,0.09829059829059829,515,0.03495145631067961,3.0097419694576093
HallusionBench VD vs VS,MaC,MaC loss,S3,1.0,521,0.0345489443378119,696,0.007183908045977011,4.945526838966202
HallusionBench VD vs VS,MaC,MaC loss,S4,1.0,552,0.04528985507246377,665,0.016541353383458645,2.820424357426255
HallusionBench VD vs VS,MaC,MaC loss,S5,1.0,569,0.056239015817223195,649,0.0061633281972265025,9.608938547486034
HallusionBench VD vs VS,MiC,MiC repair,S1,0.00871212121212121,156,0.21794871794871795,64,0.40625,0.4073139974779319
HallusionBench VD vs VS,MiC,MiC repair,S2,0.38219696969696976,171,0.29239766081871343,49,0.42857142857142855,0.5509641873278237
HallusionBench VD vs VS,MiC,MiC repair,S3,0.5098484848484848,144,0.4791666666666667,76,0.5526315789473685,0.7447619047619047
HallusionBench VD vs VS,MiC,MiC repair,S4,0.8428030303030304,137,0.43795620437956206,83,0.4578313253012048,0.9227614490772386
HallusionBench VD vs VS,MiC,MiC repair,S5,1.0,123,0.4634146341463415,97,0.6288659793814433,0.5096870342771982
HallusionBench VD vs VS,MaC,MaC total loss (strict),S1,0.36035851122058016,763,0.11795543905635648,455,0.06153846153846154,2.039375928677563
HallusionBench VD vs VS,MaC,MaC total loss (strict),S2,0.7493152560942208,702,0.09829059829059829,515,0.03495145631067961,3.0097419694576093
HallusionBench VD vs VS,MaC,MaC total loss (strict),S3,1.0,521,0.0345489443378119,696,0.007183908045977011,4.945526838966202
HallusionBench VD vs VS,MaC,MaC total loss (strict),S4,1.0,552,0.04528985507246377,665,0.016541353383458645,2.820424357426255
HallusionBench VD vs VS,MaC,MaC total loss (strict),S5,1.0,569,0.056239015817223195,649,0.0061633281972265025,9.608938547486034
HallusionBench VD vs VS,MiC,MiC full repair (strict),S1,0.00871212121212121,156,0.21794871794871795,64,0.40625,0.4073139974779319
HallusionBench VD vs VS,MiC,MiC full repair (strict),S2,0.38219696969696976,171,0.29239766081871343,49,0.42857142857142855,0.5509641873278237
HallusionBench VD vs VS,MiC,MiC full repair (strict),S3,0.5098484848484848,144,0.4791666666666667,76,0.5526315789473685,0.7447619047619047
HallusionBench VD vs VS,MiC,MiC full repair (strict),S4,0.8428030303030304,137,0.43795620437956206,83,0.4578313253012048,0.9227614490772386
HallusionBench VD vs VS,MiC,MiC full repair (strict),S5,1.0,123,0.4634146341463415,97,0.6288659793814433,0.5096870342771982
MMStar perception vs reasoning,MaC,MaC loss,S1,0.3297590680434207,644,0.13198757763975155,615,0.06991869918699187,2.022714981070849
MMStar perception vs reasoning,MaC,MaC loss,S2,0.6425543190249072,455,0.0989010989010989,803,0.033623910336239106,3.154471544715447
MMStar perception vs reasoning,MaC,MaC loss,S3,0.9397191308956016,513,0.04093567251461988,745,0.028187919463087248,1.4715447154471544
MMStar perception vs reasoning,MaC,MaC loss,S4,1.0,598,0.016722408026755852,660,0.022727272727272728,0.7312925170068028
MMStar perception vs reasoning,MaC,MaC loss,S5,1.0,638,0.02664576802507837,620,0.027419354838709678,0.9710144927536232
MMStar perception vs reasoning,MiC,MiC repair,S1,0.0,166,0.1746987951807229,35,0.22857142857142856,0.7144160583941606
MMStar perception vs reasoning,MiC,MiC repair,S2,0.2325870646766169,128,0.2734375,73,0.3835616438356164,0.6048387096774194
MMStar perception vs reasoning,MiC,MiC repair,S3,0.4929166666666667,139,0.39568345323741005,61,0.5081967213114754,0.6336405529953917
MMStar perception vs reasoning,MiC,MiC repair,S4,0.7271973466003316,108,0.3148148148148148,93,0.45161290322580644,0.5579150579150579
MMStar perception vs reasoning,MiC,MiC repair,S5,0.9966832504145936,112,0.33035714285714285,89,0.48314606741573035,0.5277519379844962
MMStar perception vs reasoning,MaC,MaC total loss (strict),S1,0.3297590680434207,644,0.13043478260869565,615,0.06829268292682927,2.0464285714285713
MMStar perception vs reasoning,MaC,MaC total loss (strict),S2,0.6425543190249072,455,0.0945054945054945,803,0.031133250311332503,3.247961165048544
MMStar perception vs reasoning,MaC,MaC total loss (strict),S3,0.9397191308956016,513,0.03898635477582846,745,0.026845637583892617,1.4705882352941178
MMStar perception vs reasoning,MaC,MaC total loss (strict),S4,1.0,598,0.016722408026755852,660,0.022727272727272728,0.7312925170068028
MMStar perception vs reasoning,MaC,MaC total loss (strict),S5,1.0,638,0.025078369905956112,620,0.027419354838709678,0.9124267070172121
MMStar perception vs reasoning,MiC,MiC full repair (strict),S1,0.0,166,0.15060240963855423,35,0.2,0.7092198581560284
MMStar perception vs reasoning,MiC,MiC full repair (strict),S2,0.2325870646766169,128,0.265625,73,0.3835616438356164,0.581306990881459
MMStar perception vs reasoning,MiC,MiC full repair (strict),S3,0.4929166666666667,139,0.38848920863309355,61,0.5081967213114754,0.6148007590132827
MMStar perception vs reasoning,MiC,MiC full repair (strict),S4,0.7271973466003316,108,0.3148148148148148,93,0.43010752688172044,0.6087837837837838
MMStar perception vs reasoning,MiC,MiC full repair (strict),S5,0.9966832504145936,112,0.33035714285714285,89,0.47191011235955055,0.552063492063492
MMStar perception vs reasoning,CC,CC loss,S1,0.011494252873563215,100,0.56,16,0.375,2.121212121212121
MMStar perception vs reasoning,CC,CC loss,S2,0.32318840579710145,65,0.5384615384615384,50,0.5,1.1666666666666667
MMStar perception vs reasoning,CC,CC loss,S3,0.5152173913043478,51,0.35294117647058826,64,0.453125,0.658307210031348
MMStar perception vs reasoning,CC,CC loss,S4,0.7420289855072465,37,0.4594594594594595,78,0.32051282051282054,1.802
MMStar perception vs reasoning,CC,CC loss,S5,0.989855072463768,49,0.30612244897959184,66,0.18181818181818182,1.9852941176470589
