benchmark,mode,단위,지표,n,값,lo,hi
hallusionbench,self_reflect,에이전트,유지율,3886,0.9508492022645394,0.9436293436293436,0.9581087244974369
hallusionbench,self_reflect,에이전트,acc_R0,3886,0.7416366443643849,0.7203903125022355,0.761121110825405
hallusionbench,self_reflect,에이전트,acc_Rlast,3886,0.7480699948533196,0.7263568108796021,0.7675087683606273
hallusionbench,debate,에이전트,유지율,23367,0.8732828347669791,0.8640227469942652,0.8825270759144517
hallusionbench,debate,팀,채택률,7755,0.9952288845905867,0.9935698761143198,0.9967725381714938
hallusionbench,debate,팀,acc_R0,7755,0.7849129593810444,0.7597717810746365,0.8064773937127733
hallusionbench,debate,팀,acc_Rlast,7755,0.807865892972276,0.7848658061421284,0.8289595634210424
mmstar,self_reflect,에이전트,유지율,6755,0.9610658771280532,0.956134012400736,0.9657625611382836
mmstar,self_reflect,에이전트,acc_R0,6755,0.6479644707623983,0.6317330027337469,0.6652856289034316
mmstar,self_reflect,에이전트,acc_Rlast,6755,0.6507772020725389,0.6340081843309003,0.6683446846313296
mmstar,debate,에이전트,유지율,40505,0.8197259597580545,0.8120176325482712,0.8278348010352178
mmstar,debate,팀,채택률,13413,0.989835731504262,0.9877435170750426,0.9919698770867847
mmstar,debate,팀,acc_R0,13413,0.7005889808394841,0.6817411807897001,0.7203908728393453
mmstar,debate,팀,acc_Rlast,13413,0.7271800989090186,0.70887580559839,0.7456225307173159
mmmu,self_reflect,에이전트,유지율,7452,0.9397477187332259,0.934200324550284,0.9453770091419562
mmmu,self_reflect,에이전트,acc_R0,7452,0.6214439076757917,0.6052555707937605,0.63740158226848
mmmu,self_reflect,에이전트,acc_Rlast,7452,0.6331186258722491,0.616889579792778,0.6494453115570914
mmmu,debate,에이전트,유지율,44699,0.786214456699255,0.7782755251711019,0.7949847143942466
mmmu,debate,팀,채택률,14724,0.9756633161278637,0.9723467966765782,0.9788166820228102
mmmu,debate,팀,acc_R0,14724,0.6858190709046454,0.6680423242491843,0.703084565417616
mmmu,debate,팀,acc_Rlast,14724,0.7357375713121435,0.7180065379757263,0.7526361864313199
mme-cot,self_reflect,에이전트,유지율,2852,0.9091865357643759,0.8981787632827799,0.9206474595899862
mme-cot,self_reflect,에이전트,acc_R0,2852,0.44460028050490885,0.41672449508537523,0.47488760405920877
mme-cot,self_reflect,에이전트,acc_Rlast,2852,0.44950911640953717,0.4218069324258271,0.48031501642032476
mme-cot,debate,에이전트,유지율,17099,0.7357155389204048,0.7216389750190136,0.7494325840224999
mme-cot,debate,팀,채택률,5602,0.9374628109008686,0.929346136300856,0.945195089761289
mme-cot,debate,팀,acc_R0,5602,0.49381173390455785,0.4619259758425009,0.5269717979916645
mme-cot,debate,팀,acc_Rlast,5602,0.5415922884684041,0.5102934014075243,0.5755779250180592
