axis,exposed,reference,situation,event,n,n_expo,n_base,rate_expo,rate_base,OR_crude,OR_MH,lo,hi,p
HallusionBench VD vs VS,VD,VS,MaC,MaC loss,6087,3107,2980,0.07531380753138076,0.02214765100671141,3.5960510078157135,3.001479984367851,2.2700856303130643,3.968520824176325,6.642966528409674e-16
HallusionBench VD vs VS,VD,VS,MiC,MiC repair,1100,731,369,0.3693570451436389,0.5094850948509485,0.5638759403701481,0.6190325640214985,0.47765408279853516,0.802256966116329,0.00033814882116990175
HallusionBench VD vs VS,VD,VS,MaC,MaC total loss (strict),6087,3107,2980,0.07531380753138076,0.02214765100671141,3.5960510078157135,3.001479984367851,2.2700856303130643,3.968520824176325,6.642966528409674e-16
HallusionBench VD vs VS,VD,VS,MiC,MiC full repair (strict),1100,731,369,0.3693570451436389,0.5094850948509485,0.5638759403701481,0.6190325640214985,0.47765408279853516,0.802256966116329,0.00033814882116990175
MMStar perception vs reasoning,perception,reasoning,MaC,MaC loss,6291,2848,3443,0.0625,0.03572465872785362,1.7994579945799458,1.781047674258866,1.404871661823587,2.257950604445495,1.623190241430115e-06
MMStar perception vs reasoning,perception,reasoning,MiC,MiC repair,1004,653,351,0.29096477794793263,0.43304843304843305,0.537257019438445,0.5891097405379596,0.4454372514694683,0.7791227277283299,0.0002755385146984448
MMStar perception vs reasoning,perception,reasoning,MaC,MaC total loss (strict),6291,2848,3443,0.06074438202247191,0.03456288120824862,1.8064933637006204,1.77852990539492,1.3981219182017113,2.2624411957238935,2.4083094229552553e-06
MMStar perception vs reasoning,perception,reasoning,MiC,MiC full repair (strict),1004,653,351,0.28177641653905056,0.42165242165242167,0.5381202097620008,0.5978020024763324,0.45107451564898027,0.7922576465011626,0.00045068358400061003
MMStar perception vs reasoning,perception,reasoning,CC,CC loss,576,302,274,0.46688741721854304,0.354014598540146,1.5980662098994685,1.3109259814204373,0.9093804151226663,1.889777809357511,0.17250212145323165
