benchmark,계열,round,n,acc,lo,hi
hallusionbench,debate_팀다수결,0,7755,0.7849129593810444,0.7597717810746365,0.8064773937127733
hallusionbench,debate_팀다수결,1,7755,0.7996776273372018,0.7768892318346176,0.8207887645252265
hallusionbench,debate_팀다수결,2,7755,0.8063185041908446,0.7830338274940334,0.8274147826988736
hallusionbench,debate_팀다수결,3,7755,0.807865892972276,0.7848658061421284,0.8289595634210424
mmstar,debate_팀다수결,0,13413,0.7005889808394841,0.6817411807897001,0.7203908728393453
mmstar,debate_팀다수결,1,13413,0.7184075150972937,0.7001772476992619,0.7376618004020864
mmstar,debate_팀다수결,2,13413,0.7259375232982928,0.70764920897002,0.7445583719214336
mmstar,debate_팀다수결,3,13413,0.7271800989090186,0.70887580559839,0.7456225307173159
mmmu,debate_팀다수결,0,14724,0.6858190709046454,0.6680423242491843,0.703084565417616
mmmu,debate_팀다수결,1,14724,0.7235239518246853,0.7061749375994122,0.7397172348451703
mmmu,debate_팀다수결,2,14724,0.7315493978085665,0.7141678519494048,0.7486368309740763
mmmu,debate_팀다수결,3,14724,0.7357375713121435,0.7180065379757263,0.7526361864313199
mme-cot,debate_팀다수결,0,5602,0.49381173390455785,0.4619259758425009,0.5269717979916645
mme-cot,debate_팀다수결,1,5602,0.5240985362370582,0.4928007208855267,0.5576044690829246
mme-cot,debate_팀다수결,2,5602,0.5390634297274782,0.5080362332409478,0.5732945530425537
mme-cot,debate_팀다수결,3,5602,0.5415922884684041,0.5102934014075243,0.5755779250180592
hallusionbench,debate_에이전트평균,0,23265,0.7448527831506555,0.7242963200494698,0.7641671735843931
hallusionbench,debate_에이전트평균,1,23262,0.7720746281489124,0.7509963154457048,0.79113478534749
hallusionbench,debate_에이전트평균,2,23262,0.7841974034906715,0.7625403755423327,0.8040499796447785
hallusionbench,debate_에이전트평균,3,23265,0.7880507199656136,0.7666649466804266,0.8082508990287129
mmstar,debate_에이전트평균,0,40239,0.647307338651557,0.6316801270469088,0.6648024210084117
mmstar,debate_에이전트평균,1,40229,0.6854259365134604,0.6683719664787144,0.7028084825143756
mmstar,debate_에이전트평균,2,40234,0.7063180394691058,0.6891614806332769,0.7240697971348903
mmstar,debate_에이전트평균,3,40239,0.7111260220184398,0.6938700794661615,0.7289005671749311
mmmu,debate_에이전트평균,0,44172,0.6229285520239065,0.607648094235359,0.6379442025805905
mmmu,debate_에이전트평균,1,44158,0.6859459214638344,0.6702193159589146,0.7013485885807708
mmmu,debate_에이전트평균,2,44165,0.7043133703158609,0.6882211594735762,0.7198642842631587
mmmu,debate_에이전트평균,3,44172,0.7103821425337318,0.6940780696135562,0.7259567198471653
mme-cot,debate_에이전트평균,0,16806,0.494109246697608,0.4686846072882534,0.5211074492797754
mme-cot,debate_에이전트평균,1,16799,0.5457467706411095,0.5180000640029957,0.5745323155791819
mme-cot,debate_에이전트평균,2,16800,0.5702380952380952,0.5424365445910438,0.5995739486699474
mme-cot,debate_에이전트평균,3,16806,0.5769963108413662,0.5493611878199285,0.6064775790480451
hallusionbench,self_reflect,0,3903,0.740968485780169,0.719702792723546,0.7607002412318251
hallusionbench,self_reflect,1,3891,0.746851709072218,0.7249795806071653,0.7664290266423545
hallusionbench,self_reflect,2,3899,0.7448063606052834,0.723227414605166,0.7646791183220985
hallusionbench,self_reflect,3,3888,0.7479423868312757,0.7263337111156497,0.7672167386760612
mmstar,self_reflect,0,6756,0.6478685612788633,0.631637951285233,0.6650873731708229
mmstar,self_reflect,1,6760,0.649112426035503,0.6330949870973519,0.6663707714670658
mmstar,self_reflect,2,6764,0.6482850384387936,0.6320972784608561,0.6659769511833148
mmstar,self_reflect,3,6763,0.6503031199171965,0.6336088559846138,0.6678055465255367
mmmu,self_reflect,0,7456,0.621244635193133,0.6050421593818315,0.6370857742820983
mmmu,self_reflect,1,7463,0.628835588905266,0.6130369700996392,0.6450015577923457
mmmu,self_reflect,2,7463,0.6304435213721024,0.6146732183472529,0.6467368557209351
mmmu,self_reflect,3,7463,0.6325874313278842,0.6163331398020865,0.6490628381075786
mme-cot,self_reflect,0,2853,0.4945671223273747,0.4681372549019608,0.522075832959474
mme-cot,self_reflect,1,2861,0.4977280671094023,0.47136359542411044,0.5253058520608668
mme-cot,self_reflect,2,2861,0.4987766515204474,0.4731145251396648,0.5265766301761066
mme-cot,self_reflect,3,2861,0.4998252359314925,0.4743068910666556,0.5277690466966644
hallusionbench,blind,0,3803,0.5611359453063371,0.5351984007011639,0.5874246395806029
mmstar,blind,0,6477,0.2772888683032268,0.2618378915275415,0.2923625145369005
mmmu,blind,0,7444,0.46077377753895754,0.44333660699023475,0.47823209656286453
mme-cot,blind,0,2820,0.28829787234042553,0.2646943602678156,0.3135397084399422
mme-cot,debate_팀다수결_mcq만,0,2894,0.6954618751439761,0.6578034841968439,0.7317423216112402
mme-cot,debate_팀다수결_mcq만,1,2894,0.727482146970744,0.6906134183640358,0.7638637038059104
mme-cot,debate_팀다수결_mcq만,2,2894,0.7442985487214927,0.7062931458776719,0.7794659300184161
mme-cot,debate_팀다수결_mcq만,3,2894,0.748329877908316,0.7104476964357099,0.7838280076667725
mme-cot,debate_에이전트평균_mcq만,0,8682,0.6366044690163557,0.6030524905810243,0.6697821715268775
mme-cot,debate_에이전트평균_mcq만,1,8678,0.6929015902281632,0.6578630098089926,0.7270953752124886
mme-cot,debate_에이전트평균_mcq만,2,8680,0.7168202764976959,0.6820271917794756,0.7512217979233601
mme-cot,debate_에이전트평균_mcq만,3,8682,0.72506334945865,0.6892165742727245,0.759831089355866
