benchmark,team_id,round,n_q,n_pairs,err_corr
hallusionbench,GIL,0,777,3,0.2904007023670738
hallusionbench,GIL,1,777,3,0.4763593612634054
hallusionbench,GIL,2,777,3,0.5757954983505807
hallusionbench,GIL,3,777,3,0.603136077241361
hallusionbench,GIP,0,773,3,0.30923892672285924
hallusionbench,GIP,1,773,3,0.5637832755412567
hallusionbench,GIP,2,773,3,0.6335185311173729
hallusionbench,GIP,3,773,3,0.6708516182972781
hallusionbench,GIQ,0,780,3,0.38868228201560756
hallusionbench,GIQ,1,780,3,0.6667070013127168
hallusionbench,GIQ,2,780,3,0.7436987125177423
hallusionbench,GIQ,3,780,3,0.8056802114479976
hallusionbench,GLP,0,771,3,0.26796444144636467
hallusionbench,GLP,1,771,3,0.43102326417504666
hallusionbench,GLP,2,771,3,0.514300664486952
hallusionbench,GLP,3,771,3,0.5494974251112751
hallusionbench,GLQ,0,773,3,0.3162634586734586
hallusionbench,GLQ,1,773,3,0.4720659397940697
hallusionbench,GLQ,2,773,3,0.6138564011671765
hallusionbench,GLQ,3,773,3,0.6639368845141007
hallusionbench,GPQ,0,778,3,0.3739361675745437
hallusionbench,GPQ,1,778,3,0.5946098301372892
hallusionbench,GPQ,2,778,3,0.6756970416129152
hallusionbench,GPQ,3,778,3,0.7026078127373389
hallusionbench,ILP,0,776,3,0.28194993691843556
hallusionbench,ILP,1,776,3,0.4657816041116997
hallusionbench,ILP,2,776,3,0.5635269041514629
hallusionbench,ILP,3,776,3,0.6035354718986085
hallusionbench,ILQ,0,777,3,0.2898103387669177
hallusionbench,ILQ,1,777,3,0.44024624840533727
hallusionbench,ILQ,2,777,3,0.5354741967386102
hallusionbench,ILQ,3,777,3,0.5587325467812634
hallusionbench,IPQ,0,778,3,0.3307470134557459
hallusionbench,IPQ,1,778,3,0.5820284038748141
hallusionbench,IPQ,2,778,3,0.63424849335655
hallusionbench,IPQ,3,778,3,0.6383714637196826
hallusionbench,LPQ,0,772,3,0.2847274838036807
hallusionbench,LPQ,1,772,3,0.40084938804922166
hallusionbench,LPQ,2,772,3,0.4901593381598919
hallusionbench,LPQ,3,772,3,0.5485845994176136
mme-cot,GIL,0,557,3,0.3454865807118688
mme-cot,GIL,1,557,3,0.47724347662567546
mme-cot,GIL,2,557,3,0.5592741654729845
mme-cot,GIL,3,557,3,0.575727365139194
mme-cot,GIP,0,564,3,0.334819253607338
mme-cot,GIP,1,564,3,0.4921875666002986
mme-cot,GIP,2,564,3,0.551362808910392
mme-cot,GIP,3,564,3,0.5604199965235827
mme-cot,GIQ,0,572,3,0.42759408534414955
mme-cot,GIQ,1,572,3,0.6526166786013067
mme-cot,GIQ,2,572,3,0.7584529700370711
mme-cot,GIQ,3,572,3,0.7882501886947972
mme-cot,GLP,0,557,3,0.3106075756185287
mme-cot,GLP,1,557,3,0.4298934883836733
mme-cot,GLP,2,557,3,0.5357179608819497
mme-cot,GLP,3,557,3,0.5797970275105994
mme-cot,GLQ,0,559,3,0.3657706263122596
mme-cot,GLQ,1,559,3,0.618734907325221
mme-cot,GLQ,2,559,3,0.7088091557045311
mme-cot,GLQ,3,559,3,0.7289921697941657
mme-cot,GPQ,0,565,3,0.3187987057734722
mme-cot,GPQ,1,565,3,0.5176233224806991
mme-cot,GPQ,2,565,3,0.587371589439961
mme-cot,GPQ,3,565,3,0.6002796991444643
mme-cot,ILP,0,553,3,0.3829165999333899
mme-cot,ILP,1,553,3,0.5037883929315011
mme-cot,ILP,2,553,3,0.5720284358901555
mme-cot,ILP,3,553,3,0.5991635890650474
mme-cot,ILQ,0,556,3,0.3701849898267116
mme-cot,ILQ,1,556,3,0.5454405065017954
mme-cot,ILQ,2,556,3,0.5967662232981489
mme-cot,ILQ,3,556,3,0.6424029115642335
mme-cot,IPQ,0,567,3,0.32145056574611613
mme-cot,IPQ,1,567,3,0.45132929100639724
mme-cot,IPQ,2,567,3,0.5154370376332678
mme-cot,IPQ,3,567,3,0.5282110542506803
mme-cot,LPQ,0,552,3,0.30025244052668904
mme-cot,LPQ,1,552,3,0.40965232904155385
mme-cot,LPQ,2,552,3,0.4981652674215343
mme-cot,LPQ,3,552,3,0.5518940155830512
mmmu,GIL,0,1463,3,0.3137610444710938
mmmu,GIL,1,1463,3,0.4951864976084425
mmmu,GIL,2,1463,3,0.5770200180294235
mmmu,GIL,3,1463,3,0.6163155443813632
mmmu,GIP,0,1481,3,0.33620891106770334
mmmu,GIP,1,1481,3,0.5108848024448256
mmmu,GIP,2,1481,3,0.5690900108972529
mmmu,GIP,3,1481,3,0.5850324124962881
mmmu,GIQ,0,1487,3,0.4186756017984652
mmmu,GIQ,1,1487,3,0.640709140630797
mmmu,GIQ,2,1487,3,0.716249503189475
mmmu,GIQ,3,1487,3,0.7502492393111505
mmmu,GLP,0,1465,3,0.2683553599999734
mmmu,GLP,1,1465,3,0.4789871559310816
mmmu,GLP,2,1465,3,0.6029292782383529
mmmu,GLP,3,1465,3,0.6356695428327184
mmmu,GLQ,0,1469,3,0.313313179763038
mmmu,GLQ,1,1469,3,0.6523849636618494
mmmu,GLQ,2,1469,3,0.8060304579139156
mmmu,GLQ,3,1469,3,0.8535194180941531
mmmu,GPQ,0,1484,3,0.3164056322077012
mmmu,GPQ,1,1484,3,0.5390765384169752
mmmu,GPQ,2,1484,3,0.5993029402642168
mmmu,GPQ,3,1484,3,0.63373049511103
mmmu,ILP,0,1466,3,0.2984833625106478
mmmu,ILP,1,1466,3,0.46582893089205885
mmmu,ILP,2,1466,3,0.5532647984542208
mmmu,ILP,3,1466,3,0.5860652523107616
mmmu,ILQ,0,1466,3,0.3161042707068358
mmmu,ILQ,1,1466,3,0.5308322942640641
mmmu,ILQ,2,1466,3,0.6421575425869664
mmmu,ILQ,3,1466,3,0.6726041952988523
mmmu,IPQ,0,1479,3,0.33455990090892773
mmmu,IPQ,1,1479,3,0.4711978390151856
mmmu,IPQ,2,1479,3,0.5230910284170232
mmmu,IPQ,3,1479,3,0.5545390454059556
mmmu,LPQ,0,1464,3,0.25547905127993836
mmmu,LPQ,1,1464,3,0.42911888317291624
mmmu,LPQ,2,1464,3,0.5536897445993413
mmmu,LPQ,3,1464,3,0.5958215064495369
mmstar,GIL,0,1339,3,0.3155704998657478
mmstar,GIL,1,1339,3,0.5487136940708736
mmstar,GIL,2,1339,3,0.6736077035267893
mmstar,GIL,3,1339,3,0.736372415820096
mmstar,GIP,0,1344,3,0.38590493496485584
mmstar,GIP,1,1344,3,0.5768671615918385
mmstar,GIP,2,1344,3,0.6586635639147344
mmstar,GIP,3,1344,3,0.6797733223543253
mmstar,GIQ,0,1350,3,0.45207084116161295
mmstar,GIQ,1,1350,3,0.6841279357229855
mmstar,GIQ,2,1350,3,0.7606439398381794
mmstar,GIQ,3,1350,3,0.7939660139127859
mmstar,GLP,0,1335,3,0.2942083676436822
mmstar,GLP,1,1335,3,0.4891182537318444
mmstar,GLP,2,1335,3,0.6215355836948562
mmstar,GLP,3,1335,3,0.6668837799884528
mmstar,GLQ,0,1338,3,0.347034087281415
mmstar,GLQ,1,1338,3,0.6226921347150834
mmstar,GLQ,2,1338,3,0.81252200279526
mmstar,GLQ,3,1338,3,0.843521184373218
mmstar,GPQ,0,1344,3,0.36941134366098355
mmstar,GPQ,1,1344,3,0.5941568744552965
mmstar,GPQ,2,1344,3,0.6689673790984815
mmstar,GPQ,3,1344,3,0.7053842522839285
mmstar,ILP,0,1339,3,0.3208206864855842
mmstar,ILP,1,1339,3,0.46176866619104856
mmstar,ILP,2,1339,3,0.5792990578724126
mmstar,ILP,3,1339,3,0.6049678967169486
mmstar,ILQ,0,1338,3,0.3082128049297
mmstar,ILQ,1,1338,3,0.48866164414966096
mmstar,ILQ,2,1338,3,0.6491680169763141
mmstar,ILQ,3,1338,3,0.6977598195559663
mmstar,IPQ,0,1346,3,0.36373836380536795
mmstar,IPQ,1,1346,3,0.5144266975787256
mmstar,IPQ,2,1346,3,0.5859974026271766
mmstar,IPQ,3,1346,3,0.6147919637290524
mmstar,LPQ,0,1340,3,0.2752652432212082
mmstar,LPQ,1,1340,3,0.43904864251739717
mmstar,LPQ,2,1340,3,0.5825129046749825
mmstar,LPQ,3,1340,3,0.6208948574532444
