benchmark,situation,rank,n,survival
hallusionbench,MiC,1,496,0.6229838709677419
hallusionbench,MiC,2,299,0.3779264214046823
hallusionbench,MiC,3,305,0.1180327868852459
mme-cot,CC,1,640,0.571875
mme-cot,CC,2,200,0.4016666666666666
mme-cot,CC,3,97,0.1958762886597938
mme-cot,MiC,1,234,0.5527065527065528
mme-cot,MiC,2,75,0.2888888888888889
mme-cot,MiC,3,87,0.1839080459770115
mmmu,CC,1,872,0.6521406727828746
mmmu,CC,2,395,0.579746835443038
mmmu,CC,3,332,0.3253012048192771
mmmu,MiC,1,741,0.5506072874493927
mmmu,MiC,2,368,0.4447463768115942
mmmu,MiC,3,379,0.17062445030782764
mmstar,CC,1,539,0.6369820655534941
mmstar,CC,2,284,0.3873239436619718
mmstar,CC,3,200,0.27
mmstar,MiC,1,763,0.5185670598514636
mmstar,MiC,2,421,0.2771179730799683
mmstar,MiC,3,378,0.13139329805996472
