axis,situation,event,stratum,difficulty,n_expo,rate_expo,n_base,rate_base,OR,OR_MH,lo,hi,BD_chi2,BD_df,BD_p,rate_base_std,diff_raw,diff_std
HallusionBench VD vs VS,MaC,MaC loss,S1,0.36035851122058016,763,0.11795543905635648,455,0.06153846153846154,2.039375928677563,,,,,,,,,
HallusionBench VD vs VS,MaC,MaC loss,S2,0.7493152560942208,702,0.09829059829059829,515,0.03495145631067961,3.0097419694576093,,,,,,,,,
HallusionBench VD vs VS,MaC,MaC loss,S3,1.0,521,0.0345489443378119,696,0.007183908045977011,4.945526838966202,,,,,,,,,
HallusionBench VD vs VS,MaC,MaC loss,S4,1.0,552,0.04528985507246377,665,0.016541353383458645,2.820424357426255,,,,,,,,,
HallusionBench VD vs VS,MaC,MaC loss,S5,1.0,569,0.056239015817223195,649,0.0061633281972265025,9.608938547486034,,,,,,,,,
HallusionBench VD vs VS,MaC,MaC loss,ALL,0.8218881769892121,3107,0.07531380753138076,2980,0.02214765100671141,,3.001479984367851,2.2700856303130643,3.968520824176325,9.290169679526981,4.0,0.05424200812470151,0.028281411454067693,0.05316615652466934,0.04703239607731306
HallusionBench VD vs VS,MiC,MiC recovery,S1,0.00871212121212121,156,0.21794871794871795,64,0.40625,0.4073139974779319,,,,,,,,,
HallusionBench VD vs VS,MiC,MiC recovery,S2,0.38219696969696976,171,0.29239766081871343,49,0.42857142857142855,0.5509641873278237,,,,,,,,,
HallusionBench VD vs VS,MiC,MiC recovery,S3,0.5098484848484848,144,0.4791666666666667,76,0.5526315789473685,0.7447619047619047,,,,,,,,,
HallusionBench VD vs VS,MiC,MiC recovery,S4,0.8428030303030304,137,0.43795620437956206,83,0.4578313253012048,0.9227614490772386,,,,,,,,,
HallusionBench VD vs VS,MiC,MiC recovery,S5,1.0,123,0.4634146341463415,97,0.6288659793814433,0.5096870342771982,,,,,,,,,
HallusionBench VD vs VS,MiC,MiC recovery,ALL,0.5487121212121212,731,0.3693570451436389,369,0.5094850948509485,,0.6190325640214985,0.47765408279853516,0.802256966116329,4.803261651462467,4.0,0.30808614163468856,0.48743237850111887,-0.14012804970730963,-0.11807533335748
MMStar perception vs reasoning,MaC,MaC loss,S1,0.3297590680434207,644,0.13198757763975155,615,0.06991869918699187,2.022714981070849,,,,,,,,,
MMStar perception vs reasoning,MaC,MaC loss,S2,0.6425543190249072,455,0.0989010989010989,803,0.033623910336239106,3.154471544715447,,,,,,,,,
MMStar perception vs reasoning,MaC,MaC loss,S3,0.9397191308956016,513,0.04093567251461988,745,0.028187919463087248,1.4715447154471544,,,,,,,,,
MMStar perception vs reasoning,MaC,MaC loss,S4,1.0,598,0.016722408026755852,660,0.022727272727272728,0.7312925170068028,,,,,,,,,
MMStar perception vs reasoning,MaC,MaC loss,S5,1.0,638,0.02664576802507837,620,0.027419354838709678,0.9710144927536232,,,,,,,,,
MMStar perception vs reasoning,MaC,MaC loss,ALL,0.7823345520055104,2848,0.0625,3443,0.03572465872785362,,1.781047674258866,1.404871661823587,2.257950604445495,14.187680377910754,4.0,0.0067195312114542785,0.03717394018327991,0.026775341272146383,0.025326059816720092
MMStar perception vs reasoning,MiC,MiC recovery,S1,0.0,166,0.1746987951807229,35,0.22857142857142856,0.7144160583941606,,,,,,,,,
MMStar perception vs reasoning,MiC,MiC recovery,S2,0.2325870646766169,128,0.2734375,73,0.3835616438356164,0.6048387096774194,,,,,,,,,
MMStar perception vs reasoning,MiC,MiC recovery,S3,0.4929166666666667,139,0.39568345323741005,61,0.5081967213114754,0.6336405529953917,,,,,,,,,
MMStar perception vs reasoning,MiC,MiC recovery,S4,0.7271973466003316,108,0.3148148148148148,93,0.45161290322580644,0.5579150579150579,,,,,,,,,
MMStar perception vs reasoning,MiC,MiC recovery,S5,0.9966832504145936,112,0.33035714285714285,89,0.48314606741573035,0.5277519379844962,,,,,,,,,
MMStar perception vs reasoning,MiC,MiC recovery,ALL,0.48987383798140777,653,0.29096477794793263,351,0.43304843304843305,,0.5891097405379596,0.4454372514694683,0.7791227277283299,0.42153632707282285,4.0,0.980675989937966,0.3990270213094334,-0.14208365510050042,-0.10806224336150078
MMStar perception vs reasoning,CC,CC loss,S1,0.011494252873563215,100,0.56,16,0.375,2.121212121212121,,,,,,,,,
MMStar perception vs reasoning,CC,CC loss,S2,0.32318840579710145,65,0.5384615384615384,50,0.5,1.1666666666666667,,,,,,,,,
MMStar perception vs reasoning,CC,CC loss,S3,0.5152173913043478,51,0.35294117647058826,64,0.453125,0.658307210031348,,,,,,,,,
MMStar perception vs reasoning,CC,CC loss,S4,0.7420289855072465,37,0.4594594594594595,78,0.32051282051282054,1.802,,,,,,,,,
MMStar perception vs reasoning,CC,CC loss,S5,0.989855072463768,49,0.30612244897959184,66,0.18181818181818182,1.9852941176470589,,,,,,,,,
MMStar perception vs reasoning,CC,CC loss,ALL,0.5154803240740741,302,0.46688741721854304,274,0.354014598540146,,1.3109259814204373,0.9093804151226663,1.889777809357511,5.563028584711353,4.0,0.23424451893303028,0.3770776167816731,0.11287281867839705,0.08980980043686992
