구분,지표,값
cache,pairs_total,8776.0
cache,exact_true,130.0
cache,exact_false,0.0
cache,judged,8646.0
cache,judge_yes,732.0
cache,judge_no,7914.0
mme-cot,n_resp_mcq,44850.0
mme-cot,n_resp_freeform,41400.0
mme-cot,n_question_mcq,299.0
mme-cot,n_question_freeform,276.0
mcq,n,2894.0
mcq,b,0.6954618751439761
mcq,f,0.748329877908316
mcq,delta,0.052868002764340026
freeform,n,2708.0
freeform,b,0.2783111767602166
freeform,f,0.3206548498276711
freeform,delta,0.042343673067454464
contrast,delta_diff,0.010524329696885562
contrast,delta_diff_lo,-0.009160693316690414
contrast,delta_diff_hi,0.02957697029584528
