benchmark,지표,n,값,lo,hi
hallusionbench,acc_R0,7755,0.7849129593810444,0.7597717810746365,0.8064773937127733
hallusionbench,acc_Rlast,7755,0.807865892972276,0.7848658061421284,0.8289595634210424
hallusionbench,delta,7755,0.022952933591231465,0.011877059528902872,0.034567821965231234
hallusionbench,이득률,7755,0.06163765312701483,0.053313456612389884,0.0705464330253585
hallusionbench,손실률,7755,0.03868471953578337,0.03229916240690382,0.04504998748760739
hallusionbench,MaC_손실기대,6087,0.04928536224741252,0.04094207103845957,0.05768617574498631
hallusionbench,MiC_구제기대,1100,0.4163636363636364,0.3741986314425129,0.46055019962055194
hallusionbench,MaW_구제기대,568,0.035211267605633804,0.020869565217391306,0.05166141079827599
hallusionbench,MaC_손실발생률,6087,0.04928536224741252,0.04094207103845957,0.05768617574498631
hallusionbench,MiC_구제발생률,1100,0.4163636363636364,0.3741986314425129,0.46055019962055194
hallusionbench,MaW_구제발생률,568,0.035211267605633804,0.020869565217391306,0.05166141079827599
mmstar,acc_R0,13413,0.7005889808394841,0.6817411807897001,0.7203908728393453
mmstar,acc_Rlast,13413,0.7271800989090186,0.70887580559839,0.7456225307173159
mmstar,delta,13413,0.026591118069534538,0.019567878545421007,0.03343111911321882
mmstar,이득률,13413,0.08118989040483113,0.07452003199222837,0.08816986113716029
mmstar,손실률,13413,0.063296801610378,0.05746127704724444,0.06917661150322081
mmstar,MaC_손실기대,9056,0.045936395759717315,0.03980788384964425,0.05214456961812671
mmstar,MiC_구제기대,1562,0.35979513444302175,0.327939388521366,0.39000312566221657
mmstar,CC_순변화,1023,0.16259367872271102,0.12882116431235863,0.1959415075638713
mmstar,CW_구제기대,79,0.080168776371308,0.030700494051220006,0.14647366522366517
mmstar,MaW_구제기대,1693,0.02244536326048435,0.014955675894066026,0.031179633371824472
mmstar,MaC_손실발생률,9056,0.04637809187279152,0.04020361429495909,0.05275261539251371
mmstar,MiC_구제발생률,1562,0.36619718309859156,0.3350840202916931,0.39625336910910264
mmstar,CC_손실발생률,1023,0.41935483870967744,0.3837747060441651,0.4535478496826513
mmstar,CC_구제발생률,1023,0.45356793743890517,0.4183373333258128,0.48841055142212925
mmstar,CW_구제발생률,79,0.11392405063291139,0.05171969427657305,0.19279051690633492
mmstar,MaW_구제발생률,1693,0.02598936798582398,0.017687724894685595,0.036024079130029765
mmmu,acc_R0,14724,0.6858190709046454,0.6680423242491843,0.703084565417616
mmmu,acc_Rlast,14724,0.7357375713121435,0.7180065379757263,0.7526361864313199
mmmu,delta,14724,0.04991850040749797,0.041875447434147256,0.05765069701597156
mmmu,이득률,14724,0.11416734582993751,0.10580410117612968,0.12220832838106092
mmmu,손실률,14724,0.06927465362673187,0.06368084817180916,0.07532627658251118
mmmu,MaC_손실기대,9565,0.04565255270953127,0.03976845824533714,0.051895186146477014
mmmu,MiC_구제기대,1488,0.4276433691756272,0.39559434897666357,0.457304421065889
mmmu,CC_순변화,1599,0.23306233062330628,0.2060762286264651,0.26063536127314324
mmmu,CW_구제기대,266,0.17042606516290726,0.12878291340369993,0.2168076457360318
mmmu,MaW_구제기대,1806,0.06496862310815799,0.05076845092233454,0.07981809736886866
mmmu,MaC_손실발생률,9565,0.046628332462101414,0.040691283842137244,0.052979793190497254
mmmu,MiC_구제발생률,1488,0.4375,0.40463361685627486,0.4679751900760304
mmmu,CC_손실발생률,1599,0.358974358974359,0.3309673965376484,0.3864715191135009
mmmu,CC_구제발생률,1599,0.5290806754221389,0.5,0.5576968690702088
mmmu,CW_구제발생률,266,0.19548872180451127,0.14854066022544282,0.24576447740112994
mmmu,MaW_구제발생률,1806,0.07308970099667775,0.05796016654976878,0.08858747248211338
mme-cot,acc_R0,5602,0.49381173390455785,0.4619259758425009,0.5269717979916645
mme-cot,acc_Rlast,5602,0.5415922884684041,0.5102934014075243,0.5755779250180592
mme-cot,delta,5602,0.04778055456384625,0.03842265385438115,0.057279288969858545
mme-cot,이득률,5602,0.10710460549803641,0.09627367922938891,0.11813096156389542
mme-cot,손실률,5602,0.06569082470546234,0.057684021949062296,0.07449861889776853
mme-cot,MaC_손실기대,2454,0.03463732681336593,0.02626935655962185,0.04459262842986023
mme-cot,MiC_구제기대,396,0.4217171717171717,0.35763582846533537,0.47972093458819126
mme-cot,CC_순변화,937,0.16328708644610465,0.13271201183963569,0.19419448955393162
mme-cot,CW_구제기대,1117,0.01432408236347359,0.009141364675155077,0.020812730672813456
mme-cot,MaW_구제기대,698,0.023877745940783193,0.014123299116734303,0.034991212358199415
mme-cot,MaC_손실발생률,2454,0.036267318663406684,0.02742880629285235,0.04651404736327651
mme-cot,MiC_구제발생률,396,0.44191919191919193,0.37887876005909943,0.5000311720698253
mme-cot,CC_손실발생률,937,0.29775880469583776,0.2664633312649215,0.3295328210842749
mme-cot,CC_구제발생률,937,0.39381003201707576,0.35838961759147137,0.43092859400137895
mme-cot,CW_구제발생률,1117,0.03043867502238138,0.02055416967066006,0.04218768989777591
mme-cot,MaW_구제발생률,698,0.03151862464183381,0.019745426011641073,0.04444529652351738
