benchmark,situation,n,비율,비율_lo,비율_hi,b평균,f평균,delta평균,delta_lo,delta_hi
hallusionbench,MaC,6087,0.7849129593810444,0.7597717810746365,0.8064773937127733,1.0,0.9507146377525875,-0.04928536224741252,-0.05768617574498633,-0.04094207103845958
hallusionbench,MiC,1100,0.14184397163120568,0.12685562698238584,0.15706821544845342,0.0,0.4163636363636364,0.4163636363636364,0.3741986314425129,0.46055019962055194
hallusionbench,CC,0,0.0,,,,,,,
hallusionbench,CW,0,0.0,,,,,,,
hallusionbench,MaW,568,0.07324306898774983,0.05977430582834294,0.08908370490581848,0.0,0.035211267605633804,0.035211267605633804,0.020869565217391306,0.05166141079827599
mmstar,MaC,9056,0.6751658838440319,0.6553371875037695,0.6958935122850084,1.0,0.9540636042402827,-0.045936395759717315,-0.05214456961812671,-0.03980788384964426
mmstar,MiC,1562,0.11645418623723254,0.10788625536663629,0.12554963522798457,0.0,0.35979513444302175,0.35979513444302175,0.327939388521366,0.39000312566221657
mmstar,CC,1023,0.07626929098635651,0.06913382511231603,0.08363754833580972,0.3333333333333333,0.4959270120560442,0.16259367872271102,0.12882116431235863,0.1959415075638713
mmstar,CW,79,0.005889808394840826,0.004321255548834624,0.007530653898822251,0.0,0.08016877637130801,0.080168776371308,0.030700494051220006,0.14647366522366517
mmstar,MaW,1693,0.12622083053753821,0.11254280337253408,0.13912022579520278,0.0,0.02244536326048435,0.02244536326048435,0.014955675894066026,0.031179633371824472
mmmu,MaC,9565,0.6496196685683239,0.6302431673093439,0.6682059434005818,1.0,0.9543474472904686,-0.04565255270953127,-0.051895186146477014,-0.03976845824533714
mmmu,MiC,1488,0.10105949470252648,0.09352799191395625,0.10883873381482204,0.0,0.4276433691756272,0.4276433691756272,0.39559434897666357,0.457304421065889
mmmu,CC,1599,0.10859820700896496,0.10054650015874356,0.11611973372604845,0.3333333333333333,0.5663956639566395,0.23306233062330628,0.2060762286264651,0.26063536127314324
mmmu,CW,266,0.01806574300461831,0.01478497856044102,0.021341571879075164,0.0,0.17042606516290726,0.17042606516290726,0.12878291340369993,0.2168076457360318
mmmu,MaW,1806,0.12265688671556642,0.11068115687908875,0.13491376742912542,0.0,0.06496862310815799,0.06496862310815799,0.05076845092233454,0.07981809736886866
mme-cot,MaC,2454,0.43805783648696894,0.4044402387429664,0.47240097484862564,1.0,0.965362673186634,-0.03463732681336593,-0.04459262842986023,-0.026269356559621853
mme-cot,MiC,396,0.07068903962870403,0.059956270663196906,0.08189666063477571,0.0,0.4217171717171717,0.4217171717171717,0.35763582846533537,0.47972093458819126
mme-cot,CC,937,0.16726169225276688,0.15072350837593587,0.185581727337616,0.3333333333333333,0.4966204197794378,0.16328708644610465,0.13271201183963569,0.19419448955393162
mme-cot,CW,1117,0.19939307390217778,0.17337985816767412,0.22436621584114652,0.0,0.014324082363473588,0.01432408236347359,0.009141364675155077,0.020812730672813456
mme-cot,MaW,698,0.12459835772938237,0.10684672240730364,0.14255375093894554,0.0,0.023877745940783186,0.023877745940783193,0.014123299116734303,0.034991212358199415
