benchmark,상황,n,노출,노출_lo,노출_hi,유지,유지_lo,유지_hi,수용,수용_lo,수용_hi,신규,신규_lo,신규_hi
hallusionbench,Iso,6873,0.09850797609321925,0.09201993704729976,0.10515083696840821,0.7191910373926961,0.7018546524717117,0.7348733314682003,0.2808089626073039,0.2651266685317996,0.29814534752828825,0.0,0.0,0.0
hallusionbench,Sup,13747,0.1970302847888091,0.18405423370021223,0.21030077608713277,0.9038335636866225,0.8968135561534541,0.9103996140788838,0.09616643631337747,0.08960038592111617,0.10318644384654584,0.0,0.0,0.0
hallusionbench,Uni,49151,0.7044617391179716,0.6845488358693008,0.723925829252488,0.9959105613314073,0.9950919465131849,0.9966738581330937,0.0,0.0,0.0,0.004089438668592704,0.0033261418669063274,0.004908053486815145
mmstar,Iso,13417,0.11119767278031477,0.10697060768144258,0.11527524579206842,0.6572259074308713,0.6462772470844313,0.6686402404952217,0.33196690765446824,0.3203951067225307,0.34268326731175874,0.010807184914660505,0.008632983117776617,0.013254554878141128
mmstar,Spl,5253,0.04353591526533454,0.039299530394463315,0.047883574199395554,0.7047401484865791,0.6876849534023186,0.7218924814456011,0.28250523510375025,0.2658784605450856,0.2986548304808511,0.012754616409670664,0.009412795038009705,0.01647789984151028
mmstar,Sup,26837,0.22242020901880505,0.2139859432411975,0.230553791250048,0.9180236241010545,0.9132224787719647,0.9226883385084909,0.07545552781607483,0.07103312190340873,0.07983671341800838,0.0065208480828706636,0.0053526977366894464,0.007835047179820016
mmstar,Uni,75152,0.6228462029355456,0.6085079056597705,0.6374787535352094,0.9960480093676815,0.995393455172862,0.9966449631067967,0.0,0.0,0.0,0.003951990632318501,0.0033550368932032475,0.004606544827138014
mmmu,Iso,15955,0.12047419488805829,0.11642692259053984,0.12439086040912357,0.6704481353807584,0.6600777701864043,0.6805626007689685,0.3060482607333124,0.29633270459458944,0.31648625847343564,0.023503603885929175,0.020557590145928742,0.026656926391738202
mmmu,Spl,8684,0.06557178993468495,0.06079470650831251,0.0701090160111627,0.6581068631966835,0.6441416013211155,0.6722063638905792,0.3088438507600184,0.2956298912430194,0.3219358931987864,0.03304928604329802,0.02801141351034098,0.03819085451796799
mmmu,Sup,31913,0.2409710423981576,0.23288413143960734,0.24879060290415483,0.9054303888697396,0.9005267872446104,0.910313771739482,0.07868266850499796,0.07449972343625218,0.08298216591871724,0.015886942625262433,0.014035983913878005,0.017805037957541247
mmmu,Uni,75883,0.5729829727790992,0.5589741663305913,0.587876573870727,0.995809338059908,0.9951934366822202,0.9963703917502409,0.0,0.0,0.0,0.0041906619400919835,0.003629608249759114,0.004806563317779814
mme-cot,Iso,6334,0.12575444726810672,0.12008760642007159,0.13122082797391704,0.7207136090937796,0.7061146192827207,0.7351480467557184,0.21471424060625197,0.1992888766109062,0.22922291130832018,0.06457215029996842,0.05532710971352584,0.07440204569543914
mme-cot,Spl,12916,0.2564326556543837,0.23416048511875606,0.27862427148001306,0.7854598947042428,0.7738335097148606,0.7963630488264142,0.12372251471043667,0.1152058175165215,0.13269309471503307,0.09081759058532053,0.08309780717282923,0.0986872025445646
mme-cot,Sup,12671,0.25156845616264295,0.24022186553029395,0.26248713903248944,0.9344171730723699,0.9287196693510185,0.9402649454783167,0.04719438086970247,0.04221554370942288,0.05259023528464503,0.01838844605792755,0.015568889269537523,0.021386623334163333
mme-cot,Uni,18447,0.3662444409148666,0.33965523063717423,0.39228236543343625,0.9933864585027375,0.9917359810011191,0.9948410799452232,0.0,0.0,0.0,0.006613541497262427,0.005158920054776796,0.00826401899888089
