benchmark,situation,rank,n,기준선,생존율_기대,lo,hi,생존율_이벤트,e_lo,e_hi,비고
hallusionbench,MiC,1,496,0.0,0.6229838709677419,0.5761844172766643,0.6733487258492644,0.6229838709677419,0.5761844172766643,0.6733487258492644,전체
hallusionbench,MiC,2,299,0.0,0.3779264214046823,0.3155873836944499,0.4474745228830832,0.3779264214046823,0.3155873836944499,0.4474745228830832,전체
hallusionbench,MiC,3,305,0.0,0.1180327868852459,0.08,0.16065863686679668,0.1180327868852459,0.08,0.16065863686679668,전체
mmstar,MiC,1,763,0.0,0.5185670598514635,0.4769877589060913,0.559774669264063,0.5150720838794234,0.4731892343136112,0.556615776906906,전체
mmstar,MiC,2,421,0.0,0.2771179730799683,0.23070098868350047,0.32528201940138063,0.27315914489311166,0.22675346000469154,0.32134306038315413,전체
mmstar,MiC,3,378,0.0,0.13139329805996472,0.09574864498644987,0.1700358393306142,0.12962962962962962,0.09397235052811784,0.16832161807340953,전체
mmstar,CC,1,539,0.3333333333333333,0.6369820655534941,0.5963509615721195,0.6780983741850292,0.5955473098330241,0.5509392320051995,0.6396282440540735,전체
mmstar,CC,2,284,0.3333333333333333,0.3873239436619718,0.33110214652124104,0.4422178958384633,0.3485915492957746,0.2913634355673356,0.40830815341878257,전체
mmstar,CC,3,200,0.3333333333333333,0.26999999999999996,0.20893141945773527,0.33665676991387145,0.22,0.15667911837266674,0.2850634178905206,전체
mmmu,MiC,1,741,0.0,0.5506072874493927,0.5104462545252019,0.5871047975359979,0.543859649122807,0.5038628461063835,0.581029003311612,전체
mmmu,MiC,2,368,0.0,0.4447463768115942,0.3894282803064251,0.5008826821326821,0.4429347826086957,0.38781146544152423,0.5,전체
mmmu,MiC,3,379,0.0,0.17062445030782758,0.1284257164404223,0.2130704246411483,0.1662269129287599,0.12398807941991571,0.2084484749608921,전체
mmmu,CC,1,872,0.3333333333333333,0.6521406727828746,0.6202281681546237,0.6830108540046474,0.6089449541284404,0.5732583114721017,0.6437734224249286,전체
mmmu,CC,2,395,0.3333333333333333,0.579746835443038,0.5244972688538085,0.6309563492063491,0.549367088607595,0.49238082963197966,0.6036868438320209,전체
mmmu,CC,3,332,0.3333333333333333,0.3253012048192771,0.2744499949540822,0.37635307990566413,0.29518072289156627,0.24260113183818904,0.34615384615384615,전체
mme-cot,MiC,1,234,0.0,0.5527065527065528,0.475970515970516,0.6257139658260988,0.5427350427350427,0.4642694805194805,0.6171188766891892,전체
mme-cot,MiC,2,76,0.0,0.33771929824561403,0.2412158869395712,0.4533425925925925,0.3157894736842105,0.21739130434782608,0.4305608974358974,전체
mme-cot,MiC,3,86,0.0,0.13953488372093023,0.0625,0.22368912018853102,0.13953488372093023,0.0625,0.22368912018853102,전체
mme-cot,CC,1,640,0.3333333333333333,0.571875,0.5395805080804272,0.604324097091401,0.46875,0.4265975605781609,0.5091464682845663,전체
mme-cot,CC,2,210,0.3333333333333333,0.41111111111111115,0.35339020726024034,0.47247483401156554,0.3,0.24136755485893419,0.36667431192660543,전체
mme-cot,CC,3,87,0.3333333333333333,0.14942528735632185,0.09194683908045975,0.21171303656597773,0.06896551724137931,0.021270996640537512,0.125,전체
