판본,benchmark,team,위험차,기저이동,logOR_대조1,logOR_방향성,s_mean,강도격차,팀정확도,팀Δ,MaC손실,MiC구제,위험차_r,기저이동_r,logOR_대조1_r,logOR_방향성_r,s_mean_r,강도격차_r,MaC손실_r,팀Δ_r,MiC구제_r,팀정확도_r
R1만,hallusionbench,GIL,,,,0.619248141402727,0.734030445298051,0.12046521553563805,0.8133848133848134,0.03346203346203346,0.034653465346534656,0.4017094017094017,,,,6.0,5.0,8.0,2.0,8.0,4.0,6.0
R1만,hallusionbench,GIP,,,,0.4774461291177387,0.7545170009958743,0.08973538198890307,0.8007761966364813,0.00646830530401035,0.057003257328990226,0.375,,,,2.0,7.0,6.0,7.0,3.0,2.0,4.0
R1만,hallusionbench,GIQ,,,,0.9579213090483713,0.789728268601508,0.03691848058045233,0.8320512820512821,0.016666666666666666,0.036163522012578615,0.3764705882352941,,,,9.0,10.0,1.0,3.0,4.0,3.0,8.0
R1만,hallusionbench,GLP,,,,0.5086615831242112,0.7211552141129606,0.1397780623132736,0.8015564202334631,0.042801556420233464,0.04957264957264957,0.45864661654135336,,,,3.0,3.0,10.0,6.0,10.0,9.0,5.0
R1만,hallusionbench,GLQ,,,,0.9700771021797644,0.7563664817185943,0.08696116090482287,0.8395860284605433,0.027166882276843468,0.03662420382165605,0.45263157894736844,,,,10.0,8.0,5.0,4.0,5.0,5.0,9.0
R1만,hallusionbench,GPQ,,,,0.8355817426756881,0.7768530374164176,0.05623132735808789,0.8431876606683805,0.032133676092544985,0.028526148969889066,0.45555555555555555,,,,8.0,9.0,2.0,1.0,6.0,7.0,10.0
R1만,hallusionbench,ILP,,,,0.11735321763038407,0.6976810357092047,0.06935552710200599,0.729381443298969,0.001288659793814433,0.07256637168141593,0.2896551724137931,,,,1.0,1.0,3.0,9.0,2.0,1.0,1.0
R1만,hallusionbench,ILQ,,,,0.6775281408824784,0.7328923033148386,0.1170507895860009,0.8236808236808236,0.04247104247104247,0.03789126853377265,0.452991452991453,,,,7.0,4.0,7.0,5.0,9.0,6.0,7.0
R1만,hallusionbench,IPQ,,,,0.5734595306889158,0.7533788590126619,0.08632095603926593,0.7994858611825193,-0.005141388174807198,0.07348242811501597,0.45652173913043476,,,,5.0,6.0,4.0,10.0,1.0,8.0,3.0
R1만,hallusionbench,LPQ,,,,0.5605269153595964,0.7200170721297482,0.13636363636363646,0.7953367875647669,0.03238341968911917,0.06960950764006792,0.47540983606557374,,,,4.0,2.0,9.0,8.0,7.0,10.0,2.0
R1만,mmstar,GIL,0.15380102982596558,0.22907421387445118,0.2559893904523533,0.5417796350755687,0.6391143911439116,0.1522140221402214,0.7353746577047547,0.03136669156086632,0.037077826725403815,0.3485838779956427,7.0,8.0,5.0,6.0,4.0,7.0,4.0,7.0,4.0,6.0
R1만,mmstar,GIP,0.1784569652940898,0.18764013456920017,0.46994877884940073,0.6376139792410128,0.6621156211562116,0.11771217712177118,0.7341269841269841,0.016369047619047623,0.0416221985058698,0.30969267139479906,10.0,5.0,8.0,7.0,7.0,3.0,5.0,3.0,3.0,5.0
R1만,mmstar,GIQ,0.1564567413564815,0.1434927115249094,0.6486368104801218,0.9883409164585014,0.7210332103321034,0.035055350553505504,0.7753086419753087,0.01975308641975309,0.031062124248496994,0.3551912568306011,8.0,1.0,9.0,10.0,10.0,1.0,3.0,4.0,6.0,10.0
R1만,mmstar,GLP,0.15317502289816473,0.23713304050645548,0.19485356212342678,0.46902148123684007,0.6022960229602295,0.20744157441574418,0.7076154806491884,0.06441947565543071,0.045807770961145196,0.4223300970873786,6.0,9.0,3.0,4.0,2.0,9.0,6.0,10.0,9.0,3.0
R1만,mmstar,GLQ,0.14286949489775363,0.17931597462279503,0.43411250979405486,0.862330481155674,0.6612136121361214,0.1247847478474785,0.7628300946686597,0.0221723966118585,0.030145530145530147,0.3508771929824561,4.0,4.0,7.0,8.0,6.0,5.0,2.0,5.0,5.0,8.0
R1만,mmstar,GPQ,0.17229834408473269,0.14434734858210255,0.6642509766912362,0.981747786859116,0.6842148421484215,0.09028290282902829,0.7718253968253967,0.029265873015873016,0.030085470085470085,0.38609112709832133,9.0,2.0,10.0,9.0,9.0,2.0,1.0,6.0,8.0,9.0
R1만,mmstar,ILP,0.1244471853524813,0.2589775991762398,-0.02954240196862277,0.04190572043822058,0.5814678146781468,0.14495694956949579,0.621110281304456,-0.002738361961662929,0.0845959595959596,0.2707275803722504,2.0,10.0,1.0,1.0,1.0,6.0,10.0,1.0,1.0,1.0
R1만,mmstar,ILQ,0.123369300087037,0.20641751276402687,0.22098348342306195,0.40899780189923907,0.6403854038540385,0.15602706027060276,0.7453911310413552,0.03612356751370205,0.053857350800582245,0.4585987261146497,1.0,6.0,4.0,2.0,5.0,8.0,8.0,8.0,10.0,7.0
R1만,mmstar,IPQ,0.14902923063682505,0.16861242576554633,0.4098699255662345,0.5375407212585112,0.6633866338663387,0.12152521525215254,0.7261020307082714,0.0014858841010401225,0.052594171997157074,0.28608923884514437,5.0,3.0,6.0,5.0,8.0,4.0,7.0,2.0,2.0,4.0
R1만,mmstar,LPQ,0.13633995718011374,0.20917172180241592,0.19016022857595374,0.4414898011640835,0.6035670356703567,0.21125461254612554,0.6915422885572139,0.04800995024875623,0.06257668711656442,0.3851132686084142,3.0,7.0,2.0,3.0,3.0,10.0,9.0,9.0,7.0,2.0
R1만,mmmu,GIL,0.22230584217126212,0.2126464510165895,0.6910777576482809,1.0915870981808797,0.6196666666666666,0.17149999999999999,0.7500569605832763,0.06128958760537708,0.03409881697981906,0.47807017543859653,10.0,7.0,7.0,5.0,5.0,8.0,1.0,7.0,7.0,6.0
R1만,mmmu,GIP,0.21839929498844288,0.18599759003478078,0.7094893009314452,1.1321592651395587,0.6313333333333332,0.15400000000000003,0.721359441818591,0.03308575286968265,0.03783969728242174,0.35208333333333336,7.0,3.0,8.0,7.0,7.0,7.0,3.0,3.0,2.0,4.0
R1만,mmmu,GIQ,0.21109970085147714,0.15527808928784528,0.8908017471720603,1.6416560936394156,0.694111111111111,0.059833333333333405,0.7798699843084511,0.03227975790181574,0.04314090626939789,0.3963963963963964,4.0,1.0,10.0,10.0,10.0,1.0,5.0,2.0,4.0,8.0
R1만,mmmu,GLP,0.22223667277950607,0.23995322746106904,0.5590553131286258,1.1220857660397485,0.5815925925925925,0.2286111111111111,0.7039817974971558,0.06484641638225257,0.05019157088122605,0.38974358974358975,9.0,10.0,3.0,6.0,3.0,10.0,8.0,8.0,3.0,2.0
R1만,mmmu,GLQ,0.21345537199715625,0.21012167692368314,0.7547040528497281,1.505284950973288,0.6443703703703704,0.13444444444444448,0.7932834127524393,0.05740866802813706,0.037644787644787646,0.5393939393939394,5.0,6.0,9.0,8.0,8.0,5.0,2.0,6.0,10.0,10.0
R1만,mmmu,GPQ,0.20064346607904596,0.1982504345722902,0.6816856338505719,1.6063963381399347,0.656037037037037,0.11694444444444452,0.7929020664869721,0.05053908355795149,0.03851010101010101,0.4485981308411215,2.0,5.0,6.0,9.0,9.0,2.0,4.0,5.0,6.0,9.0
R1만,mmmu,ILP,0.19719199515446714,0.2263799241321428,0.39151813007921016,0.48300025972940247,0.5492962962962963,0.13172222222222219,0.6173260572987722,0.00750341064120055,0.06874500399680256,0.2956989247311828,1.0,9.0,1.0,1.0,1.0,4.0,10.0,1.0,1.0,1.0
R1만,mmmu,ILQ,0.2157799820890228,0.18960499232313613,0.678844392984426,0.9793199691589596,0.6120740740740741,0.1487222222222222,0.7546612096407458,0.07503410641200546,0.04334038054968287,0.5232067510548524,6.0,4.0,5.0,2.0,4.0,6.0,6.0,10.0,9.0,7.0
R1만,mmmu,IPQ,0.2074548998479776,0.1741439651652624,0.6329734812206543,1.0617981502819214,0.6237407407407407,0.13122222222222224,0.7342799188640974,0.04980842911877395,0.04376750700280112,0.4292565947242206,3.0,2.0,4.0,4.0,6.0,3.0,7.0,4.0,5.0,5.0
R1만,mmmu,LPQ,0.22114829570196706,0.2216045581187345,0.5331758756071038,0.9905340948159753,0.574,0.2058333333333333,0.7083333333333334,0.06785063752276868,0.06628352490421456,0.4862745098039216,8.0,8.0,2.0,3.0,2.0,9.0,9.0,9.0,8.0,3.0
R1만,mme-cot,GIL,0.22556541327868299,0.12118542892085493,0.3963279041013947,0.4433922611136009,0.4750724637681159,0.25782608695652176,0.5314183123877917,0.04548174745661281,0.02531645569620253,0.3739837398373984,9.0,9.0,2.0,4.0,4.0,6.0,3.0,5.0,5.0,4.0
R1만,mme-cot,GIP,0.2281297223607741,0.10984990132954893,0.5254194854096984,0.7036740460150736,0.4830917874396135,0.24579710144927536,0.543144208037825,0.06264775413711585,0.02777777777777778,0.3971631205673759,10.0,7.0,4.0,6.0,5.0,5.0,5.0,8.0,6.0,5.0
R1만,mme-cot,GIQ,0.1956069143838608,0.06634839147229961,0.8146455387851699,1.317699657083201,0.6110144927536232,0.14260869565217393,0.6223776223776224,0.03146853146853147,0.0219435736677116,0.29824561403508776,4.0,1.0,7.0,10.0,10.0,1.0,2.0,3.0,2.0,10.0
R1만,mme-cot,GLP,0.21146397082227844,0.12315719429215309,0.5086891519843384,0.20874092029069136,0.422512077294686,0.33666666666666667,0.4793536804308797,0.07480550568521845,0.06060606060606061,0.5333333333333333,8.0,10.0,3.0,2.0,2.0,9.0,9.0,9.0,9.0,2.0
R1만,mme-cot,GLQ,0.19481821373678443,0.07997126872099126,0.8453827489878952,0.872459714569546,0.5504347826086956,0.23347826086956525,0.6070363744782349,0.04233750745378653,0.027777777777777776,0.4375,3.0,4.0,8.0,7.0,8.0,4.0,4.0,4.0,7.0,9.0
R1만,mme-cot,GPQ,0.20974225518349357,0.0716234622384405,1.155189982899741,1.2842569620409456,0.5584541062801932,0.22144927536231884,0.5976401179941003,0.021828908554572275,0.016556291390728478,0.28205128205128205,7.0,2.0,10.0,9.0,9.0,3.0,1.0,2.0,1.0,8.0
R1만,mme-cot,ILP,0.19706462243278233,0.11508732183924762,0.39061471461527697,0.05034494486966915,0.3668599033816425,0.16971014492753622,0.4014466546112116,0.01808318264014467,0.04604051565377532,0.3684210526315789,5.0,8.0,1.0,1.0,1.0,2.0,8.0,1.0,4.0,1.0
R1만,mme-cot,ILQ,0.17420526940016756,0.08286836100907229,0.6037582458809679,0.5257088985322166,0.49478260869565216,0.31695652173913047,0.5767386091127099,0.07553956834532376,0.03763440860215054,0.6,1.0,5.0,5.0,5.0,6.0,8.0,7.0,10.0,10.0,7.0
R1만,mme-cot,IPQ,0.20550834929063147,0.07304594800501331,0.909055719604602,1.0434897621901593,0.5028019323671498,0.30492753623188407,0.5590828924162258,0.05114638447971782,0.03320053120849934,0.35658914728682173,6.0,3.0,9.0,8.0,7.0,7.0,6.0,6.0,3.0,6.0
R1만,mme-cot,LPQ,0.18467631477614022,0.08587961022746732,0.7731650411293591,0.39367360063005163,0.44222222222222224,0.3957971014492754,0.4927536231884058,0.05495169082125604,0.07462686567164178,0.48538011695906436,2.0,6.0,6.0,3.0,3.0,10.0,10.0,7.0,8.0,3.0
R1-R3,hallusionbench,GIL,,,,0.5624541055894882,0.734030445298051,0.12046521553563805,0.8133848133848134,0.03346203346203346,0.034653465346534656,0.4017094017094017,,,,7.0,5.0,8.0,2.0,8.0,4.0,6.0
R1-R3,hallusionbench,GIP,,,,0.4923630522026927,0.7545170009958743,0.08973538198890307,0.8007761966364813,0.00646830530401035,0.057003257328990226,0.375,,,,4.0,7.0,6.0,7.0,3.0,2.0,4.0
R1-R3,hallusionbench,GIQ,,,,0.8932838874003858,0.789728268601508,0.03691848058045233,0.8320512820512821,0.016666666666666666,0.036163522012578615,0.3764705882352941,,,,10.0,10.0,1.0,3.0,4.0,3.0,8.0
R1-R3,hallusionbench,GLP,,,,0.3838448558832637,0.7211552141129606,0.1397780623132736,0.8015564202334631,0.042801556420233464,0.04957264957264957,0.45864661654135336,,,,2.0,3.0,10.0,6.0,10.0,9.0,5.0
R1-R3,hallusionbench,GLQ,,,,0.788370913348496,0.7563664817185943,0.08696116090482287,0.8395860284605433,0.027166882276843468,0.03662420382165605,0.45263157894736844,,,,9.0,8.0,5.0,4.0,5.0,5.0,9.0
R1-R3,hallusionbench,GPQ,,,,0.7601100585402752,0.7768530374164176,0.05623132735808789,0.8431876606683805,0.032133676092544985,0.028526148969889066,0.45555555555555555,,,,8.0,9.0,2.0,1.0,6.0,7.0,10.0
R1-R3,hallusionbench,ILP,,,,0.06900657123550714,0.6976810357092047,0.06935552710200599,0.729381443298969,0.001288659793814433,0.07256637168141593,0.2896551724137931,,,,1.0,1.0,3.0,9.0,2.0,1.0,1.0
R1-R3,hallusionbench,ILQ,,,,0.5399645484925689,0.7328923033148386,0.1170507895860009,0.8236808236808236,0.04247104247104247,0.03789126853377265,0.452991452991453,,,,6.0,4.0,7.0,5.0,9.0,6.0,7.0
R1-R3,hallusionbench,IPQ,,,,0.5006525843785582,0.7533788590126619,0.08632095603926593,0.7994858611825193,-0.005141388174807198,0.07348242811501597,0.45652173913043476,,,,5.0,6.0,4.0,10.0,1.0,8.0,3.0
R1-R3,hallusionbench,LPQ,,,,0.4135815136112008,0.7200170721297482,0.13636363636363646,0.7953367875647669,0.03238341968911917,0.06960950764006792,0.47540983606557374,,,,3.0,2.0,9.0,8.0,7.0,10.0,2.0
R1-R3,mmstar,GIL,0.11509015325607112,0.20605548119429465,0.24971394894509968,0.4970128395286315,0.6391143911439116,0.1522140221402214,0.7353746577047547,0.03136669156086632,0.037077826725403815,0.3485838779956427,10.0,8.0,5.0,6.0,4.0,7.0,4.0,7.0,4.0,6.0
R1-R3,mmstar,GIP,0.11409454554123033,0.1436799754614381,0.37415441180579817,0.6015323540868133,0.6621156211562116,0.11771217712177118,0.7341269841269841,0.016369047619047623,0.0416221985058698,0.30969267139479906,9.0,4.0,8.0,7.0,7.0,3.0,5.0,3.0,3.0,5.0
R1-R3,mmstar,GIQ,0.10255842432470673,0.11608608054604053,0.5213849826552633,0.8956682933961148,0.7210332103321034,0.035055350553505504,0.7753086419753087,0.01975308641975309,0.031062124248496994,0.3551912568306011,5.0,2.0,10.0,9.0,10.0,1.0,3.0,4.0,6.0,10.0
R1-R3,mmstar,GLP,0.10939395877154419,0.20728535957239735,0.1503999331283735,0.4140085944922684,0.6022960229602295,0.20744157441574418,0.7076154806491884,0.06441947565543071,0.045807770961145196,0.4223300970873786,8.0,9.0,3.0,4.0,2.0,9.0,6.0,10.0,9.0,3.0
R1-R3,mmstar,GLQ,0.10819345478754798,0.1666196175537829,0.3621146616761642,0.7762826002951053,0.6612136121361214,0.1247847478474785,0.7628300946686597,0.0221723966118585,0.030145530145530147,0.3508771929824561,7.0,5.0,7.0,8.0,6.0,5.0,2.0,5.0,5.0,8.0
R1-R3,mmstar,GPQ,0.10338513102123288,0.11596787937020787,0.4685690134846334,0.9091773871310762,0.6842148421484215,0.09028290282902829,0.7718253968253967,0.029265873015873016,0.030085470085470085,0.38609112709832133,6.0,1.0,9.0,10.0,9.0,2.0,1.0,6.0,8.0,9.0
R1-R3,mmstar,ILP,0.07827370554239811,0.23076426471677935,-0.09779006306340902,0.02947063077184391,0.5814678146781468,0.14495694956949579,0.621110281304456,-0.002738361961662929,0.0845959595959596,0.2707275803722504,1.0,10.0,1.0,1.0,1.0,6.0,10.0,1.0,1.0,1.0
R1-R3,mmstar,ILQ,0.09301778703376738,0.18392910192448755,0.19987387059765002,0.3794559093891958,0.6403854038540385,0.15602706027060276,0.7453911310413552,0.03612356751370205,0.053857350800582245,0.4585987261146497,4.0,6.0,4.0,3.0,5.0,8.0,8.0,8.0,10.0,7.0
R1-R3,mmstar,IPQ,0.08751519268840163,0.12888698736883467,0.2723964812217153,0.48474408764563454,0.6633866338663387,0.12152521525215254,0.7261020307082714,0.0014858841010401225,0.052594171997157074,0.28608923884514437,2.0,3.0,6.0,5.0,8.0,4.0,7.0,2.0,2.0,4.0
R1-R3,mmstar,LPQ,0.09112915696040252,0.18426967826993135,0.09729023411619209,0.34191271080676683,0.6035670356703567,0.21125461254612554,0.6915422885572139,0.04800995024875623,0.06257668711656442,0.3851132686084142,3.0,7.0,2.0,2.0,3.0,10.0,9.0,9.0,7.0,2.0
R1-R3,mmmu,GIL,0.1451332484710458,0.19014486648577875,0.4586376179407501,0.8372632564335644,0.6196666666666666,0.17149999999999999,0.7500569605832763,0.06128958760537708,0.03409881697981906,0.47807017543859653,10.0,10.0,6.0,5.0,5.0,8.0,1.0,7.0,7.0,6.0
R1-R3,mmmu,GIP,0.13321906947953122,0.14269600444485897,0.5294622590575283,0.9391169667695444,0.6313333333333332,0.15400000000000003,0.721359441818591,0.03308575286968265,0.03783969728242174,0.35208333333333336,7.0,3.0,7.0,7.0,7.0,7.0,3.0,3.0,2.0,4.0
R1-R3,mmmu,GIQ,0.12980288037502893,0.13282263070063483,0.64013684421637,1.4131370049201701,0.694111111111111,0.059833333333333405,0.7798699843084511,0.03227975790181574,0.04314090626939789,0.3963963963963964,4.0,2.0,10.0,10.0,10.0,1.0,5.0,2.0,4.0,8.0
R1-R3,mmmu,GLP,0.14323483218862754,0.1869858482990294,0.4356107764358779,0.8068951834204029,0.5815925925925925,0.2286111111111111,0.7039817974971558,0.06484641638225257,0.05019157088122605,0.38974358974358975,9.0,8.0,4.0,4.0,3.0,10.0,8.0,8.0,3.0,2.0
R1-R3,mmmu,GLQ,0.1398077579643542,0.17661357407049638,0.5594826491469451,1.2292030687369258,0.6443703703703704,0.13444444444444448,0.7932834127524393,0.05740866802813706,0.037644787644787646,0.5393939393939394,8.0,7.0,9.0,8.0,8.0,5.0,2.0,6.0,10.0,10.0
R1-R3,mmmu,GPQ,0.12324211965015146,0.14428074772608157,0.5575295834426452,1.3177133771611773,0.656037037037037,0.11694444444444452,0.7929020664869721,0.05053908355795149,0.03851010101010101,0.4485981308411215,3.0,4.0,8.0,9.0,9.0,2.0,4.0,5.0,6.0,9.0
R1-R3,mmmu,ILP,0.11059420275581704,0.1890512258230599,0.21643975896622103,0.31114189901777234,0.5492962962962963,0.13172222222222219,0.6173260572987722,0.00750341064120055,0.06874500399680256,0.2956989247311828,1.0,9.0,1.0,1.0,1.0,4.0,10.0,1.0,1.0,1.0
R1-R3,mmmu,ILQ,0.12982566043200075,0.17058364370362766,0.4229305455054415,0.7478986754705702,0.6120740740740741,0.1487222222222222,0.7546612096407458,0.07503410641200546,0.04334038054968287,0.5232067510548524,5.0,5.0,3.0,2.0,4.0,6.0,6.0,10.0,9.0,7.0
R1-R3,mmmu,IPQ,0.11687333524134669,0.1292289740144009,0.43698952056327384,0.8730569666681518,0.6237407407407407,0.13122222222222224,0.7342799188640974,0.04980842911877395,0.04376750700280112,0.4292565947242206,2.0,1.0,5.0,6.0,6.0,3.0,7.0,4.0,5.0,5.0
R1-R3,mmmu,LPQ,0.13032891281551204,0.17611048727311054,0.3788229534805219,0.7723856737851488,0.574,0.2058333333333333,0.7083333333333334,0.06785063752276868,0.06628352490421456,0.4862745098039216,6.0,6.0,2.0,3.0,2.0,9.0,9.0,9.0,8.0,3.0
R1-R3,mme-cot,GIL,0.15686198660838926,0.08406769769545835,0.421337526901808,0.2822605647860709,0.4750724637681159,0.25782608695652176,0.5314183123877917,0.04548174745661281,0.02531645569620253,0.3739837398373984,10.0,10.0,2.0,3.0,4.0,6.0,3.0,5.0,5.0,4.0
R1-R3,mme-cot,GIP,0.146942202913777,0.07086251000957122,0.4332802178456874,0.5661552968676465,0.4830917874396135,0.24579710144927536,0.543144208037825,0.06264775413711585,0.02777777777777778,0.3971631205673759,9.0,7.0,3.0,6.0,5.0,5.0,5.0,8.0,6.0,5.0
R1-R3,mme-cot,GIQ,0.11636036662727306,0.043787545719704495,0.5702139938094674,1.0503057109356126,0.6110144927536232,0.14260869565217393,0.6223776223776224,0.03146853146853147,0.0219435736677116,0.29824561403508776,2.0,1.0,6.0,10.0,10.0,1.0,2.0,3.0,2.0,10.0
R1-R3,mme-cot,GLP,0.14423999033972645,0.08042893959258203,0.5377370650980139,0.21847166498740148,0.422512077294686,0.33666666666666667,0.4793536804308797,0.07480550568521845,0.06060606060606061,0.5333333333333333,8.0,8.0,5.0,2.0,2.0,9.0,9.0,9.0,9.0,2.0
R1-R3,mme-cot,GLQ,0.12188555868644545,0.05574904659630473,0.7131205787687236,0.6474722660379246,0.5504347826086956,0.23347826086956525,0.6070363744782349,0.04233750745378653,0.027777777777777776,0.4375,4.0,4.0,9.0,7.0,8.0,4.0,4.0,4.0,7.0,9.0
R1-R3,mme-cot,GPQ,0.12213581823772968,0.04634608363481515,0.8371168467142797,1.049913993012697,0.5584541062801932,0.22144927536231884,0.5976401179941003,0.021828908554572275,0.016556291390728478,0.28205128205128205,5.0,2.0,10.0,9.0,9.0,3.0,1.0,2.0,1.0,8.0
R1-R3,mme-cot,ILP,0.13775574863408518,0.08210474219828527,0.4067176814709253,-0.030799673623168877,0.3668599033816425,0.16971014492753622,0.4014466546112116,0.01808318264014467,0.04604051565377532,0.3684210526315789,7.0,9.0,1.0,1.0,1.0,2.0,8.0,1.0,4.0,1.0
R1-R3,mme-cot,ILQ,0.11199554205865613,0.0643613740665037,0.4454186184603734,0.37897404574206955,0.49478260869565216,0.31695652173913047,0.5767386091127099,0.07553956834532376,0.03763440860215054,0.6,1.0,6.0,4.0,5.0,6.0,8.0,7.0,10.0,10.0,7.0
R1-R3,mme-cot,IPQ,0.12845973216214207,0.04984392005502883,0.7113893951674074,0.8336761733280801,0.5028019323671498,0.30492753623188407,0.5590828924162258,0.05114638447971782,0.03320053120849934,0.35658914728682173,6.0,3.0,8.0,8.0,7.0,7.0,6.0,6.0,3.0,6.0
R1-R3,mme-cot,LPQ,0.11849802467681858,0.05977955692586054,0.6832478946554547,0.3708587029812865,0.44222222222222224,0.3957971014492754,0.4927536231884058,0.05495169082125604,0.07462686567164178,0.48538011695906436,3.0,5.0,7.0,4.0,3.0,10.0,10.0,7.0,8.0,3.0
